actual_label,model_RF,model_LR,predicted_RF,predicted_LR
0,0.639816,0.531904,1,1
1,0.490993,0.414496,0,0
1,0.623815,0.569883,1,1
1,0.506616,0.443674,1,0
0,0.418302,0.369532,0,0
